date,tweet
2019-05-04 00:49:52,#gameofthrones season 3 done! #khaleesi üê≤üêâüê≤üòé
2019-05-04 00:49:47,"@lustfulsloth well i mean, let‚Äôs be honest ... if they did anything else, the spoilers would rise to #gameofthrones levels."
2019-05-04 00:49:19,"seriously, what the hell is this? i have never read a more misdirected take on #gameofthrones than this in my life."
2019-05-04 00:49:16,"@repstevensmith and i thought #gameofthrones was entertaining , where are we, about to face the #democrat #army of the 'un-dead' (voters).. or will the #gop grow-a-cet like the #unsullied & or will you defend bran like the #republic? take out the nk's #democrat #leadership"
2019-05-04 00:49:09,i love how tyrion is drinking during an apocalyptic battle. #gameofthrones #nottoday
2019-05-04 00:48:55,"i‚Äôm 10 minutes in to season 1 episode 1 of game of thrones, should i keep going? #gameofthrones #dilemnna just fyi, the big dog has a commitment issue, other than to mrs big dog and buzz and woody of course! #notstupid"
2019-05-04 00:48:52,debate all you want. the best battle was the hound vs. breanne #gameofthrones
2019-05-04 00:48:15,my whole life has revolved around #gameofthrones
2019-05-04 00:47:58,"‚Äúwhat about the north?‚Äù sansa stark portrait made with sketchbookpro.#gameofthrones #sansastark #myart couldn‚Äôt decide which version i liked better so here‚Äôs both of them. dt: fa, the og sansa stan. üòÅ https://t.co/l2wb9uz6hw"
2019-05-04 00:47:51,day offs are dedicated to catching up on #gameofthrones s5e4 right now hoping to get it all done by next week's episode
2019-05-04 00:47:50,"when almost everybody dies trying to reach the iron throne, bran shows up in his chair, suddenly stands up, walks towards the iron throne, sits on it. his eyes turn white and lots of dragons start appearing everywhere. tyrion drinks. the end. #gameofthrones"
2019-05-04 00:47:49,"nonononono, the little bear ain't goin out like that! #thronesyall #gameofthrones #got"
2019-05-04 00:47:24,i started the long long binge of #gameofthrones season 1
2019-05-04 00:47:14,we're children #gameofthrones #targaryens #lannisters #daenerystargaryen #tyrionlannister #funny #tiktok #tiktokfun https://t.co/gxksl8o9lk
2019-05-04 00:47:09,poor ed. #gameofthrones
2019-05-04 00:47:05,#maythe4thbewithyou #gameofthrones #starwarsday #aldenisethan #soarhigheagles #aldubxadnkeepsmiling arya #46thmainesary #aldubvowsoflove may the fourth https://t.co/x1sy0eaivg
2019-05-04 00:47:00,#gameofthrones #got fans! do the crypts of winterfell look so dark you need a flaming sword to see what's going on? sounds like your tv's black level control is set too low. we have the optimized picture settings for over a thousand tvs. get yours here: https://t.co/97ps0io0tt https://t.co/hrfdnwusmt
2019-05-04 00:46:55,"aw, damn. sandor, buddy, i know you've got plenty of reasons for having a ptsd attack right now, but you gotta pull yourself together! you didn't come off arya's list just to die here! #thronesyall #got #gameofthrones"
2019-05-04 00:46:50,"hmmmm, i have a possibly 6‚Äù strip of brown faux fur left over from my own #gameofthrones lap blanket i might make a wookiee bandolier in honor of the late peter mayhew . https://t.co/a6xsjqlr0t"
2019-05-04 00:46:41,even with all the stress from these past two weeks without fail i just look forward to sundays...not for church or god or anything but for #gameofthrones
2019-05-04 00:46:35,it took a few episodes but sansa's starting to do her hair like daenerys #got #gameofthrones https://t.co/xouv9beohk
2019-05-04 00:46:29,wow understatement of the fuckin year #gameofthrones https://t.co/9mmg4jsxli
2019-05-04 00:46:28,a shit out a cat this morning #catnap ##internationalchildrensbookday #kentuckyoaks #castersemenya #maythe4thbewithyou #gameofthrones #poo #‡∏û‡∏£‡∏∞‡∏£‡∏≤‡∏ä‡∏û‡∏¥‡∏ò‡∏µ‡∏ö‡∏£‡∏°‡∏£‡∏≤‡∏ä‡∏≤‡∏†‡∏¥‡πÄ‡∏©‡∏Å #flashbackfriday #bbmasaskkhalid #ad #coffee https://t.co/tdi5pxbaxp
2019-05-04 00:46:21,"eyyyyyyyyy! late friday afternoon is a good time to announce something, right?? we‚Äôre doing a live show of my #gameofthrones podcast in san francisco the monday after the finale. come say hi! escape the internet! process the end with other humans! https://t.co/tdnv4g7fkz"
2019-05-04 00:46:13,"turn theon, please!!! ü§£ü§£ #got #gameofthrones https://t.co/khe9lqqtef"
2019-05-04 00:46:10,‚Äústick them with the pointy end.‚Äù #gameofthrones #nottoday
2019-05-04 00:46:03,been a while since i‚Äôve had an @breweryommegang #gameofthrones beer a decent ale. i‚Äôm sure they drank this after #battleofwinterfell - drinking a game of thrones: for the throne by @breweryommegang at @amsterdamale ‚Äî https://t.co/zya1cgmknt
2019-05-04 00:45:46,"""motherfuckers""... arya stark...an adorable killer!üòçüòç‚úåüíØ‚öîüó°‚öî #gameofthrones https://t.co/r29dtkm1vm"
2019-05-04 00:45:16,just rewatched hodor's episode and it only made me hate the recent episode even more. #gameofthrones
2019-05-04 00:45:09,"so, after the night king raises the dead, it's super cool of wights to be like ""yeah okay, you go ahead. i'll just hang out and play actual dead until an opportune moment for effect. i gotchu."" #gameofthrones https://t.co/wokbh0p2cj"
2019-05-04 00:45:00,"arya is blasting through the dead like its a minor inconvenience. yeah, girl! and i was right about her staff! she designed it so she could change fighting styles on the fly. fuck yes! #thronesyall #got #gameofthrones"
2019-05-04 00:43:46,"@fonzfranc beyonc√© giselle of house knowles, first of her name, the unburnt, queen of the grammy awards and the independent women, khaleesi of the great coachella stage, breaker of girl‚Äôs tyme, and mother of drag queens. #gameofthrones #beyonc√© #demthrones https://t.co/f9sfgr7d9c"
2019-05-04 00:43:39,it's lit. #branthebadguy #gameofthrones #demthrones #thronesyall #branstark https://t.co/ierfpkkziy
2019-05-04 00:43:14,finally watching #gameofthrones ü§¶üèæ‚Äç‚ôÄÔ∏è
2019-05-04 00:43:12,if jamie dies i hope aria uses his face to kill cersei. #gameofthrones
2019-05-04 00:43:09,do you have to have a college degree to watch #gameofthrones ?
2019-05-04 00:43:02,"all of us : #ramindjawadi, light of the seven is your greatest work, ever! ramin : hold my beer game of thrones s8 - the night king - ramin djawadi (official video) https://t.co/duftybvpgr via @youtube #gameofthrones #nightking"
2019-05-04 00:43:01,tgif!! #privateschool #teacher #student #principals #parents #gameofthrones #funnymemes https://t.co/krn2e6lwrr
2019-05-04 00:42:56,the third episode in #gameofthrones was weak tbh. the potential..
2019-05-04 00:42:30,"#gameofthrones mvp award to peter dinklage for his ""so. we're going to die. at winterfell."" in 8x02. i laugh so hard at his delivery every time."
2019-05-04 00:42:22,out of control friday night right here. #gameofthrones https://t.co/nrdb0cqu2j
2019-05-04 00:42:10,"when bran warged, his ravens flew south of winterfell #gameofthrones"
2019-05-04 00:41:43,"when the dothraki flames went out, i thought it was all over for the humans. #gameofthrones #nottoday"
2019-05-04 00:41:40,little lady lyanna mormont is a real one! bring the funk!!! üíÉü§∏‚Äç‚ôÄÔ∏è #demthrones #lyanna #got #gameofthrones https://t.co/ul2w2pdaqm
2019-05-04 00:41:24,#gameofthrones just copied shrek https://t.co/7zvj1ajtc0
2019-05-04 00:41:21,imagine at one point of #gameofthrones the most scandalous talk was tyrion slapping joffrey
2019-05-04 00:41:20,we must find time to stop and thank the people who make a difference in our lives #quotes #writing #love #writingcommunity #friends #ificanthaveyou #parents #gameofthrones #inspirational #propagandalive #animalrights #fitkwiecien #fridaysforfuture #frache
2019-05-04 00:41:20,whoa ü§Øüò≥ü§î #gameofthrones #shrek https://t.co/c5drvahray
2019-05-04 00:41:10,i got goosebumps watching arya #gameofthrones
2019-05-04 00:40:36,it be like that sometimes üò™üò™ #gameofthrones https://t.co/ez9jm3dpyp
2019-05-04 00:40:29,i'm not sure how can i make myself satisfied for the next episode. #daenerys killed cersei #sansa killed cersei #arya killed cersei (it's on her list) i want it to be more extra üòÇ #gameofthrones #cersei
2019-05-04 00:40:26,can‚Äôt wait to see queen cersei die on mother‚Äôs day. #gameofthrones
2019-05-04 00:40:22,"tyrion is the logical choice for betrayal bc he gets emotionally attached to people too easily. sansa, jon, dany, jaime, family(baby?) he's got too many people he cares about and no one that he's unflinchingly loyal to. #gameofthrones"
2019-05-04 00:40:16,@daenerys i'm speachless! #gameofthrones #daenerystargaryen
2019-05-04 00:40:13,curtain call: alfie allen - https://t.co/9quhl1ayvb #gameofthrones #thelongnight #theongreyjoy https://t.co/undcd3gkmg
2019-05-04 00:40:02,arya's gonna cut a bitch! #gameofthrones
2019-05-04 00:39:50,i really hope next #gameofthrones isnt just cleaning up dang bones around winterfell
2019-05-04 00:39:49,"@nowin2613 ugh, migraines suck a*s! so sorry, hope it departs quickly. does that hemp cream stuff help? snowy heat will be perfect. named for jon snow?üòú #gameofthrones"
2019-05-04 00:39:43,@angrufethmo the writers have been known to give fake scripts and shoot fake scenes‚Äîi would love a compilation of those! #gameofthrones
2019-05-04 00:39:25,"hey #gameofthrones fans, do you already have your bottle of wine? üç∑#got https://t.co/7vrxatce5p"
2019-05-04 00:38:56,"yeah, i guess he knows now. #gameofthrones https://t.co/3o1yosoxtn"
2019-05-04 00:38:47,behind the scenes of #gameofthrones s8 e3! credit: @farfarnugen https://t.co/molua3ag6e
2019-05-04 00:38:22,this honestly the funniest and the most accurate to describe how i felt about lake episode #gameofthrones https://t.co/auuxgyvync
2019-05-04 00:38:09,so which one of y‚Äôall gonna welcome me to twitter huh #firsttweet #gameofthrones
2019-05-04 00:37:44,"now that the wight walkers are dead, is there still a pact with the children of the forest? #gameofthrones"
2019-05-04 00:37:30,thx to @tzar_ivan80 for hooking it up with the #gameofthrones set up https://t.co/hz12muwarm
2019-05-04 00:37:24,"i wish there is a director‚Äôs cut where the white walkers win in the battle for winterfell, just to see what #cersei‚Äôs defeat looks like in the hands of the #nightking. #gameofthrones #whatif"
2019-05-04 00:37:05,rewatching the battle of winterfell. why the heck was ghost placed in the vanguard? #gameofthrones #nottoday
2019-05-04 00:37:02,donald trump is far more capable of running our country than any democrat currently in the race or not. and he‚Äôs proven it. great jobs. great wages. great policy. and tax cuts! democrats bring nothing to anyone‚Äôs table. #gameofthrones
2019-05-04 00:36:59,"#gameofthrones the reason i #amresearching the fantasy i #amwriting is because i want to know my world setting - elements like troop deployments, government structures, worldviews, attitudes towards the natural world, &c - before i loose my creative arrows onto the written page."
2019-05-04 00:36:55,my dogs are reenacting arya‚Äôs drop from last week‚Äôs #gameofthrones https://t.co/yu8yhvaklx
2019-05-04 00:36:39,oy - 26 #gameofthrones inspired jewish baby names https://t.co/2kiom0bugs via @kveller #got
2019-05-04 00:36:35,you know nothing jhon‚Äôs snow. #gameofthrones #t5
2019-05-04 00:36:10,"if you‚Äôve loved our content and are looking for ways to support, we started a patreon & just posted an #endgame & #gameofthrones recap https://t.co/slvtzs1vwu"
2019-05-04 00:36:01,shakespearean... we like the sound of that! #gameofthrones https://t.co/c6tht4bwrj
2019-05-04 00:35:54,y‚Äôall!!!!! i finally made it to season 7 of #got i am getting so close! #gameofthrones #season7 #almostthere
2019-05-04 00:35:34,it should be #sansastark to be the one that kills #cersei after everything that cersei put sansa through it would be nice for her to get revenge & justice. also i feel like sansa would be a good queen & that #aryastark will be good commander the queensguard #gameofthrones #got
2019-05-04 00:35:21,idk about you but sophie and maisie are living life #gameofthrones https://t.co/h0ds5fvzdn
2019-05-04 00:34:53,how do none of the protein shaker bottle companies have a #gameofthrones selection? lots of marvel & dc and i have a few but give me some targaryen or stark fitness love. https://t.co/jizngfwkml
2019-05-04 00:34:16,who doesn‚Äôt love that brave little girl? #gameofthrones #aryastark https://t.co/kmetkw6xem
2019-05-04 00:34:13,anybody know what happened to the knights of the veil?? #gameofthrones #sansa #winsthethrone
2019-05-04 00:34:01,my life is #gameofthrones feels like the book ended a long time ago and that story got everyone hooked and now it's just dragging on purely on production value with no actual purpose and the end is going to be super anticlimactic.
2019-05-04 00:33:38,"#gameofthrones whether you desire the opulent cuisine of king‚Äôs landing, the exotic meats of westeros, or the rich porridges and pies of the north and the wall, we have 10 recipes to feast on for the final season of #gameofthronesseason8"
2019-05-04 00:33:36,"lots of teamwork this episode. brienne, jorah, and baric watching people's backs. (i hope they don't meet edd's fate.) #thronesyall #gameofthrones #got"
2019-05-04 00:33:36,happy friday everyone! #compassbox #peatmonster #blendedmalt #scotch #whisky #gameofthrones #housestark #winteriscoming https://t.co/sf5fwpktup
2019-05-04 00:33:35,"okay, maybe i'm blind. but, i did not see #ghost in the new preview for #gameofthrones. . .everything you need to know about direwolves: how many are still alive and what are the theories? https://t.co/shiuxrhjne via @yahoolifestyle"
2019-05-04 00:33:18,"after watching it a few times, #gameofthrones ep. 3 was rushed, the lighting was shit, and we still don‚Äôt know a damn thing about the night king. plus they killed majority of the dothraki and unsullied. they owe us. frfr."
2019-05-04 00:33:07,#thebattleofwinterfell > #endgame. sorry not sorry. #gameofthrones #unpopularopinions
2019-05-04 00:32:29,@thewarkettle yet despite daenerys targaryen‚Äôs disadvantage in number that she and the remains of her multiethnic army will probably defeat cersei lannister‚Äôs more numerous but less diverse army. #gameofthrones
2019-05-04 00:32:26,"to everybody saying ""@avengers #endgame"" is the most ambitious crossover of all time.... i give you the time @hbo and @sesamestreet brought @gameofthrones and @elmo together. #got #gameofthrones #got8 #gameofthrones8 #sesamestreet #elmo ""s8e3 recap"": https://t.co/q1ovtgoglb https://t.co/cskzft7gaz"
2019-05-04 00:32:19,> 'game of thrones': the night king breaks his silence on that final season twist (hollywood reporter) (story contains spoilers for s8 e3) https://t.co/pjycp151wr > warning about hola vpn (michigan state u.) https://t.co/n6symmn2du @realdonaldtrump #gameofthrones https://t.co/fhcdi5vzg5
2019-05-04 00:31:59,"you know, if i were jamie, i'd have ditched that heavy-ass excuse for a prosthetic hand by now. it's got to be weighing him down, and that's not doing him any favors against the dead swarming him. #thronesyall #gameofthrones #got"
2019-05-04 00:31:53,filming the fall off the dragon. -behind the scenes- #gameofthrones #nightking https://t.co/d0uoqrnstp
2019-05-04 00:31:46,crazy foreshadowing #gameofthrones #gameofthronesseason8 https://t.co/7tyttwwzqo
2019-05-04 00:31:44,iron throne wheelchair wip ! hopefully it works ! #renaissancefestival #gameofthrones #3eyedraven #adventure #gooniesneversaydie #ironthrone #cosplay https://t.co/gjd89w5vdi
2019-05-04 00:31:31,not as good as @daniel_portman but ever since hearing jenny of oldstones i sing it to my boy at night #gameofthrones #jennyofoldstones https://t.co/jkgls6ddkf
2019-05-04 00:31:27,"a knight of the seven kingdoms is gradually becoming my most fav #got episode! the more i rewatch, the more i fall within a #braime hole. dear god the hunger; falling hardüò≠. (the north becomes you ser jaime) #gameofthrones https://t.co/nmnltnbxl1"
2019-05-04 00:31:12,"okay, maybe tyrion is the best. #gameofthrones https://t.co/jaycco522c"
2019-05-04 00:31:07,more late night drawing yaaaay! üòÑ this time it‚Äôs of my boi #jonsnow ! i really like the sketchy ink style and i think i managed to pull it off! #animestyle #art #gameofthrones #got #gameofthronesart #sketching #inking #inkart #inked #ghost https://t.co/c0cnvpnxh2
2019-05-04 00:30:53,so - i just spent the last several weeks watching @gameofthrones. it was 100% worth it. i avoided all social media posts about the new season and as of ten minutes ago just finished ep. 3. oh my goodness. i'm a tad bit speechless right now. bring it on sunday #got #gameofthrones
2019-05-04 00:30:50,i trust there will be a #gameofthrones spinoff based around the iron bank called game of loans...?
2019-05-04 00:30:11,"personally, the fact that #gameofthrones pulled a #babylon5 isn't something i mind at all. it's one of the only thing i actually appreciated from the last episode."
2019-05-04 00:30:10,a new fan theory says that this #gameofthrones favorite could come back to help daenerys fight cersei! https://t.co/ushvjiyv6c https://t.co/l2qswigipi
2019-05-04 00:30:04,"i haven't seen a single episode of #gameofthrones, but i think i know how it ends! ready my absurd series finale theory now https://t.co/olx5jx3a22"
2019-05-04 00:29:43,game of thrones character report. my primary character is roose bolton https://t.co/wzjr6qapgq #gameofthrones
2019-05-04 00:29:42,"just got my tonsils out and wow, my throat feels like if drogon or rhaegal were to sit on the iron throne #gameofthrones"
2019-05-04 00:29:19,#jonsnow is going fucking crazy #battleofthebastards #gameofthrones
2019-05-04 00:28:51,"i thought the same. a complicated character, and a poignant ending for her. #gameofthrones #theredwoman https://t.co/7fz7vwfnx5"
2019-05-04 00:28:44,so evan and i started #gameofthrones and we‚Äôre towards the end of season 1 and that guy dies! i‚Äôm so devastated üò©üò≠
2019-05-04 00:28:38,i don't know who these people are that can watch #gameofthrones in a big group. i need just me and mr. sdw and that's it.
2019-05-04 00:28:12,my ps4 setup ( house targaryen ) - #daenerystargaryen #forthethrone #gameofthrones #emiliaclarke @emiliaclarke https://t.co/qh3oigqofq
2019-05-04 00:28:00,i have so much love for #jorahmormont. his death was so heroic and talk about development of character. but his love for daenerys never wavered. üò≠üò≠üò≠üò≠ one sexy ass old man #ripjorahmormont #gameofthrones
2019-05-04 00:27:56,"to anyone who thinks there‚Äôs a possibility that the night king will return at some point in the next three episodes, i see a very, very, very low chance of that happening. it would undo so much they‚Äôve built to and be a real letdown. he‚Äôs gone. #gameofthrones"
2019-05-04 00:27:43,my favourite list so far: 1. #gameofthrones 2. #fargo 3. #truedetective https://t.co/teqqbo0pnd
2019-05-04 00:27:43,hey everybody! the new episode of #gameofthrones is out on @youtube now! come on by and watch! @blazedrts #smallyoutuber #smallyoutuberarmy #smallyoutubercommunity #smallyoutubecommunity https://t.co/yxv0u8fdy1
2019-05-04 00:27:40,i calibrated my tv. the episode is even darker now. everything else looks awesome though. #gameofthrones
2019-05-04 00:27:24,why is bran so me loll @gameofthrones #gameofthrones #gameofthronesmemes https://t.co/umq3lwavb5
2019-05-04 00:27:00,i've been so busy coping with grief and loss after the #battleofwinterfell this week that i didn't even notice it's almost sunday again. #gameofthrones #got
2019-05-04 00:26:48,"this dudes snarky, melodramatic commentary on last sunday's got ep 3 is spot on. #gameofthrones #demthrones https://t.co/fbjhhxq6yq"
2019-05-04 00:26:22,"#gameofthrones it's disgusting to me that half brothers, half sisters and even full-blooded siblings slept together back in these days. it was up to the kingdom's to make sure that a full blood relative rule over a kingdom as king or queen. incest is disgusting. üòù"
2019-05-04 00:25:48,my favorite red wedding reaction is still my friend who literally threw his book across the room when he read it. #gameofthrones
2019-05-04 00:25:46,üñ§üñ§üñ§ photo: @bbphoto14 styling: @migueldiegogomez makeup/hair: @jessipagel . . . . #gameofthrones #gotmelike #feels #blastfromthepast #fridayflashback #makeup #avantgarde #editorial #create #avantgardemakeup #chainmail #makeupartist #austinmuah #createcultivate #instagood ‚Ä¶ https://t.co/vcbr2edzg2
2019-05-04 00:25:35,@sophiet @theellenshow @joejonas im dying üòÇüòÇ #gameofthrones #sophieturner #joejonas
2019-05-04 00:25:06,"now i fully understand why they were not able to defeat the night king's army beyond the wall when jon and gang intended to capture a wight without dying. the answer is, they didn't took arya with them. she would easily sneak past every wight & then kill nk. #gameofthrones"
2019-05-04 00:24:25,i can't be the only one that thinks episode 3 of #gameofthrones was just setting everyone up for heartbreak #got
2019-05-04 00:24:13,. #gameofthrones finale: ned stark wakes up and goes to his accounting job.
2019-05-04 00:23:54,"what are some things that kim kardashian can do ,that black women cant ? free black men from prison!!!! #aquarius #gameofthrones #remyma #nipsey #maythe4thbewithyou #cincodemayo"
2019-05-04 00:23:29,arya to nk: you should have gone for the hands. #gameofthrones #nottoday #arya
2019-05-04 00:23:24,stop digging so much- battle of winterfell was sick and #nikolajcosterwaldau deserves an award. #gameofthrones
2019-05-04 00:22:58,omg! jon snow is on tinder #gameofthrones #jonsnow https://t.co/tpg49d4iph
2019-05-04 00:22:51,just finished season 4. time to start season 5 #gameofthrones and i am pretty clueless with what is going to happen. everything turned on it's head this last season. https://t.co/vspgekuyim
2019-05-04 00:22:10,#gameofthrones cat's absolutely heartbreaking wail when robb dies. it's too much. just brutal.
2019-05-04 00:21:34,here's my new #gameofthrones azor ahai easter eggs video! üî• https://t.co/vcbecgwjk5
2019-05-04 00:21:32,you dun fucked it up #gameofthrones
2019-05-04 00:21:23,"#gameofthrones in my mind, jon snow is the most badass character in the history of game of thrones. not a dragon or any other person such as a king or queen has anything on him. jason momoa has an incredible character, but jon snow is the most amazing character in this series."
2019-05-04 00:21:19,i love how the second @ingridxbella gets home from a week in spain watches the episode of #gameofthrones she's missed üòÇ
2019-05-04 00:21:00,@dezlorid on god ill retweet this tweet u said it not me. ‚Ä¢ help my bro outü§™üîê‚Ä¢ #explore #politics #gameofthrones #youtube #support #2k19
2019-05-04 00:20:56,"oh my mother fucking god that was incredible, hats of to got i can‚Äôt believe it, i fucking cried man this episode fucked with my emotions so much. @gameofthrones wonderful job and again @maisie_williams amazing job!!!!! #amazing #gots8e3 #gameofthrones üò≠üò≠üò≠"
2019-05-04 00:20:32,the white walkers couldnt save the nightking because they had their airpods in. #got #gameofthrones
2019-05-04 00:20:27,@kfcbarstool what is your take on the black smoke from lost? could help me understand your #gameofthrones theory
2019-05-04 00:20:14,"#gameofthrones it's disgusting, that back in these times of kings, queens, princesses and princes. brothers and sisters would sure bets together you wish, it's not only disgusting whether they have different mothers or fathers, it's disgraceful.üòíüòí"
2019-05-04 00:20:04,raymond holt watching arya stark killing nk üòÇüòÇüòÇ #gameofthrones #brooklynninenine #fridayfeeling https://t.co/nykxakatjc
2019-05-04 00:19:59,@itz_tiffany where jorah mormont of #gameofthrones dey??
2019-05-04 00:19:52,i'm done chilling for today the stripper club was xoxo lit i bet #fridaymotivation #fridayfeeling #gameofthrones #fridaysforfuture https://t.co/jn0urmpi72
2019-05-04 00:19:50,üñ§üñ§üñ§ photo: @brianbrownphoto styling: migueldiegogomez makeup/hair: @jessipagel . . . . #gameofthrones #gotmelike #feels #blastfromthepast #fridayflashback #makeup‚Ä¶ https://t.co/cfwtdmmxyi
2019-05-04 00:18:39,"#gameofthrones daenerys targaryen is a bad ass, and i don't care if anybody says different. she is the queen of the dragons and jon snow is her back up."
2019-05-04 00:18:34,#gameofthrones w h e w i forgot how upsetting the red wedding was.
2019-05-04 00:18:07,"looking for a good read? start reading ""blood of bathory"" on #wattpad right now https://t.co/srto6qfsmz #free #nationalparanormalday #gameofthrones #avengersendgame #andiloveitwhen #tedbundy #readers"
2019-05-04 00:17:42,"#gameofthrones even though game of thrones is based on books, it gives us an inside of what life was like back in these times. brothers and sisters were more intimate then we would ever wish for them to be. sisters were giving away the warriors for a chance to have soldiers."
2019-05-04 00:16:48,2.5 week old american bully pups. follow 601 bullyz of ig and fb #puppylove #gameofthrones https://t.co/ytlcjh3fud
2019-05-04 00:16:16,one more #gameofthrones comment : that clean up job üßº üßΩ üßπ at #winterfell has got to be epic. the smell. the smoke. the ....um...poop. thank goodness the wights had the decency to shatter......
2019-05-04 00:16:15,"@gameofthrones if only arya had struck the night king a minute earlier, this ship could be saved from sinking.. @gameofthrones #theon #theongreyjoy #sansa #sansastark #theonsa #theonsansa #gameofthrones https://t.co/cqljunfddo"
2019-05-04 00:16:15,#gameofthrones who's guilty for this ... https://t.co/ozlzpctxpt
2019-05-04 00:16:09,"oh, right. #gameofthrones https://t.co/kkrg5nbgxh"
2019-05-04 00:16:07,i did it i broke down and watched 1 episode of #gameofthrones now i am 7 episodes in.
2019-05-04 00:16:05,i am finally caught up with #gameofthrones what a fucking ride from never seeing it to having s8e3 be my final show to catch up with.
2019-05-04 00:16:05,my amazing friend @thegingerpire painted this. it‚Äôs titled ‚Äúthe long night‚Äù. üåïüêâ #gameofthrones https://t.co/a3cwr8cmmz
2019-05-04 00:16:01,"yeah, i feel like the dead making it through the flame trench is a bit of foreshadowing re: dragon fire not working on the night king. i guess we'll see. #thronesyall #gameofthrones #got"
2019-05-04 00:15:28,this weekend i will finish season 1 of #gameofthrones
2019-05-04 00:15:23,"hey all of you #gameofthrones, winter is over! tune in tomorrow from 8-10 am on @kissfmlex to learn about our huge ""game of your own thrown"" giveaway where you can earn a chance to win an awesome prize package valued over $750! it's a great show you don't want to miss! https://t.co/ln9dfq3btg"
2019-05-04 00:14:49,"created in honor of the eighth and final season of #gameofthrones, there‚Äôs no better time to celebrate the #whitewalker by johnnie walker after this week‚Äôs momentous #battleofwinterfell. valar morghulis, indeed. üî•üêâ‚ùÑÔ∏èüó° üëâ https://t.co/eatxif0ikz https://t.co/vutvsenxb0"
2019-05-04 00:14:46,"the more i think about it, the more i hate the last episode of #gameofthrones"
2019-05-04 00:14:33,"love how when davos calls for everyone to man the wall, jorah grabs samwell like, ""come on, dipshit, move or be moved!"" poor sam, just trying to do his part and sort of fucking it up. #thronesyall #got #gameofthrones"
2019-05-04 00:14:18,my version of team building during an offsite...? recommend watching @exonthebeach with your coworkers! #eotb #tech #teambuilding #gameofthrones #working #tech
2019-05-04 00:14:12,getting my hubby caught up on #gameofthrones while enjoying a spectacular bottle.#winelover https://t.co/zncswspf7b
2019-05-04 00:13:46,#gameofthrones #gameofthronesseason8 #daenerystargaryen #jonsnow #nightking #arya #jaimelannister #sansastark #tyrionlannister #brienneoftarth part iii https://t.co/8zkyepbiag
2019-05-04 00:13:41,all this crap about #gameofthrones and #endgame is super annoying. can‚Äôt people just enjoy shit anymore?
2019-05-04 00:13:20,(via game of laughs:https://t.co/1nxi7qmti6) #gameofthrones https://t.co/bxy00hs2kf
2019-05-04 00:12:51,congratulations @sophiet on your marriage. #sophiewedding #gameofthrones
2019-05-04 00:12:48,"""it's time to embrace chaos and root for euron greyjoy."" #gameofthrones https://t.co/22ftf78h8r"
2019-05-04 00:12:32,"i rewatched the battle of winterfell just to be hurt again, and i just wanted to know why tf am i like this??? #gameofthrones https://t.co/arzzth1jib"
2019-05-04 00:12:23,game of thrones is pointless - nerdrotic https://t.co/mhjzyrsskj via @youtube @nerdrotics #gameofthrones
2019-05-04 00:12:17,"""no no no ..you had 82 minutes, 7 seasons and you just walked slowly on the sound effects"" üòÇüòÇüòÇ #gameofthrones https://t.co/hvpwmt1q6b"
2019-05-04 00:11:58,it‚Äôs here!!!!! @urbandecay #gameofthrones https://t.co/xnzqqrgu6f
2019-05-04 00:11:51,curious for those of you who watched the last episode of #gameofthrones¬†: how many people are left in dany and jon‚Äôs armies?
2019-05-04 00:11:44,"i know death, it's got many faces, i look forward to seeing this one"" - arya stark #ŸÇŸäŸÖ_ÿßŸàŸÅ_ÿ´ÿ±ŸàŸÜÿ≤ #gameofthrones"
2019-05-04 00:11:23,watching #conan w/ @conanobrien & @andyrichter: s09 e41 ft isaac hempstead wright #gameofthrones https://t.co/jktkfku4to on @tbsnetwork! #tbs #tv #standup #comedy @teamcoco #teamcoco #got https://t.co/76qvmu8rbk
2019-05-04 00:11:20,(via game of laughs:https://t.co/xhy0tl7aie) #gameofthrones https://t.co/5qfkx6ki95
2019-05-04 00:11:06,arya stark will kill cersei lannister my prediction for upcoming episodes of #gameofthrones. or her brother might do the honors. @maisie_williams @gameofthrones
2019-05-04 00:10:44,"#azorahai might be a conglomerate of people, not just one #gameofthrones"
2019-05-04 00:10:23,my filthy fan fic game of thrones dudes vs. dudes i‚Äôve known story is up! https://t.co/az7go0fqf3 #nsfw #got #gameofthrones #fanfic #writer
2019-05-04 00:10:01,"introducing: ""the raven"" new on etsy (aztec death whistles) #gameofthrones https://t.co/wid4l5jnrh @aegonofhousetargaryen https://t.co/nl50icznet"
2019-05-04 00:10:01,stop by @scgcgamescomics tomorrow may 4th from 2:00-6:00 to buy some of my art. some pieces are up to 60% off. #temecula #woodart #notchednerd #gameofthrones #stark #targaryen #woodworking https://t.co/msls6tso7x
2019-05-04 00:10:00,"everyone is always asking me to believe in things. family, gods, kings, myself. it was often tempting until i saw where belief got people. so i said ‚Äúno thank you‚Äù to belief... and yet, here i am #gameofthrones"
2019-05-04 00:09:34,loving @caricevhouten aka if i had a twin sister that‚Äôs how we‚Äôd look like #gameofthrones goodnight üòã https://t.co/bherytidpt
2019-05-04 00:09:28,for 2 seconds y‚Äôall though sansa x theon might be a thing #gameofthrones https://t.co/spzxihcfdu
2019-05-04 00:09:21,"hey, everyone. i just wanted to thank you all for holding off on the #got spoilers but feel free to talk all you want now. i‚Äôve finally managed to catch up. #gameofthrones"
2019-05-04 00:09:14,there‚Äôs something about this #gameofthrones character that has us coming back for more https://t.co/glptxq6n5v
2019-05-04 00:09:08,"finished my new #gameofthrones video, uploading now! https://t.co/ri0hbx3rrt https://t.co/xlondbzsmh"
2019-05-04 00:08:58,the only podcast in the world who haven't watched #avengersendgame . and who will talk about #thelegomovie2 and #gameofthrones season 8 in the same episode https://t.co/mtgihrt5ei
2019-05-04 00:08:52,doing it! catching up on #gameofthrones
2019-05-04 00:08:52,"it is so weird that people are so upset that their expectation of jon v the nk werent met because #gameofthrones has literally always been about expectation subversion. literally since day 1 with ned start. congratulation, you played yourself"
2019-05-04 00:08:39,"i‚Äôm watching some of season one from #gameofthrones, and they‚Äôre just as good as they were when they first came out"
2019-05-04 00:08:37,"oh my. joe dempsie (gendry on #gameofthrones) was on skins, how did i forget or miss this?! no wonder he looked familiar. üòÇ‚ô•Ô∏è https://t.co/zb1eyjj8qe"
2019-05-04 00:08:29,coach church from @npschools norview middle school led his boys track team to #1 overall in district! my son eric placed #1 in the shot put & in 4 x 1 as the 1st leg! they are coming for the regional title next thursday. congrats! #fridayfeeling #fridaythoughts #gameofthrones https://t.co/tocwyap9ln
2019-05-04 00:08:29,"if you're enjoying the final season of #gameofthrones, you can take it a few steps further with articles, videos, recaps, games and more right here. enjoy‚Ä¶ https://t.co/meyqeyyogo https://t.co/dsakf4t2vr"
2019-05-04 00:08:22,i miss hodor #gameofthrones
2019-05-04 00:08:01,also gendry lied about how many women he slept with and arya got mad they worked it out though i have very wierd dreams. #gameofthrones @gameofthrones @maisie_williams @sophiet @joedempsie
2019-05-04 00:07:53,@interestingsci1 reminiscent of #gameofthrones dragons üëçüê≤üêâ
2019-05-04 00:07:32,did melisandre redeem herself though??? #gameofthrones
2019-05-04 00:07:32,thinking about it.. the crypts of winterfell still were probably the safest place during the battle. #gameofthrones #got #gameofthronesseason8
2019-05-04 00:07:30,"@seonaiddoc let u off twonky , is winter still coming? #gameofthrones , i was a guest extra s2 e5"
2019-05-04 00:07:20,i come back from work and falling in my bed. #gameofthrones https://t.co/onbqbn7due
2019-05-04 00:07:10,"@baldmove so the first official (and only)line for five minutes is edd looking at sam and saying, ‚Äúoh for f‚Äôs sake you took your time...‚Äù if sam is grrm then is it d&d saying, ‚Äúyou‚Äôre late to the party george so this is what you get.‚Äù then edd dies saving sam. #gameofthrones"
2019-05-04 00:07:08,a girl has no name #gameofthrones #gameofthronesseason8 #aryastark #arya #aryagendry #sleep https://t.co/xwqyb8vv7f
2019-05-04 00:07:06,"#gameofthrones should sue #tedcruz $150,000 for copyright infringement. that's the law for wrongfully using service marked symbols. https://t.co/v5kbcijgm6"
2019-05-04 00:06:45,@bethferry1 @opifan64 @igo2cairo @harperchildrens this photo is very #gameofthrones and i approve.
2019-05-04 00:06:44,@gameofthrones jon snow becomes the new night king. book it. #gameofthrones @kylegreenw @kitharrington
2019-05-04 00:06:30,i think what happened with #gameofthrones on episode 3 was someone said this episode will be dark (as in the events) and then those working on the lighting took it literally. trying to watch it again today was painful.
2019-05-04 00:06:30,"things we learned from #gameofthrones: when wights come to attack your fort, feed them your dothraki first just so that you can buy some time and impede your inevitable doom."
2019-05-04 00:06:02,why that surprise #gameofthrones twist was a huge betrayal https://t.co/yfhkkfvzx8 https://t.co/zeupybogsd
2019-05-04 00:05:49,meet up of people who don't watch #gameofthrones #unlikelyfacebookevents
2019-05-04 00:05:35,"when darth maul bites into a @hersheys york peppermint patty, he gets the sensation that he is going to conquer westeros! @gameofthrones #got #gameofthrones https://t.co/7zvm15jtey"
2019-05-04 00:05:33,"i continue to be blown away and shocked by the backlash of 803 for #gameofthrones its almost disgusting. also those of you that do hate the episode, try and name a show that has done anything even close to this. ungrateful bastards #got"
2019-05-04 00:05:28,he's actually got a character and a story whereas you learn about the mountain second hand through the the hound's story. #gameofthrones
2019-05-04 00:05:13,"‚Äúbehind every great man is an even greater woman...never mind, she‚Äôs in the godswood doing what you were supposed to jon.‚Äù #gameofthrones"
2019-05-04 00:05:12,man they be wilding on #gameofthrones #binging i don‚Äôt know how i missed this. i ordered the books too lol #nerdlife #almostdonewithseason1
2019-05-04 00:05:00,there‚Äôs something about this #gameofthrones character that has us coming back for more https://t.co/p7irtefbkd
2019-05-04 00:04:50,#knitting and finally watching #gameofthrones #commissionknitting https://t.co/d1zxsdbsnn
2019-05-04 00:04:42,this probably been said before but i love brienne of tarth. #gameofthrones #brienne https://t.co/eyh00pqsfj
2019-05-04 00:04:32,it‚Äôs been a wild month but i can now officially say i‚Äôm caught up with #gameofthrones and damn what a ride it‚Äôs been can‚Äôt wait to see how it all ends!
2019-05-04 00:04:25,drogon really cuddled daenerys becuase she was hurting with jorah's death. my fucking heart!! #gameofthrones https://t.co/2gi2ogk0n4
2019-05-04 00:04:25,ill be going with a #gameofthrones theme for tonight #bucks #celtics game because why not https://t.co/nyxefyeye6
2019-05-04 00:04:21,‚Äò#spoileralert #gameofthrones‚Äô: #got so #who‚Äôs #able to #ride a #dragon? https://t.co/c47clxmjxl @nytimes @hbo @gameofthrones @contemprainnüåπ
2019-05-04 00:04:19,"so jon snow is really aegon targaryen vi and daenerys' nephew right? and daenery's is the mother of dragons so her dragons is like her babies right? does that mean that when jon is riding rhaegal, he's riding his cousin? #gameofthrones"
2019-05-04 00:04:07,rewatching #gameofthrones again from the beginning because why not https://t.co/mr7sxlxqu7
2019-05-04 00:04:00,i'll say it... d&d just don't have their hearts in it. #gameofthrones
2019-05-04 00:03:49,just look at meera reed's face. that would be my exact reaction when i see a 10 thousand year old frozen corpse has better hair than i do. #gameofthrones #thenightking #whitewalkers https://t.co/qkh1q7yzen
2019-05-04 00:03:46,"well, that‚Äôs new! white walker by johnnie walker. i was sorely tempted but i stuck with the black label. #got #gameofthrones https://t.co/mbvakckxma"
2019-05-04 00:03:41,"anyway, what are y‚Äôall‚Äôs predictions for the next episode of #gameofthrones? https://t.co/hpmrjttpbt"
2019-05-04 00:03:39,the hound > the mountain #gameofthrones
2019-05-04 00:03:38,"i am all about #gameofthrones reaction videos. thank you @junkee for the extensive roundup. https://t.co/0ncepzohex spoilers, obviously"
2019-05-04 00:03:30,"who do you think will be sitting on the #ironthrone by this weekend? share your theories below, happy weekend all. #daenerystargaryen #gameofthrones #johnsnow #winteriscoming https://t.co/ktslt0mhhn"
2019-05-04 00:03:20,"what good is this, i ask you? he who hurries through life hurries to his grave. #gameofthrones #davos"
2019-05-04 00:03:10,fun fact - this is rory mccann (the hound from #gameofthrones) in an old commercial where he plays a very different role... https://t.co/eeyth9gom5
2019-05-04 00:03:10,and the hound is still alive?! #gameofthrones
2019-05-04 00:03:09,where is the lie? #got #gameofthrones #astrology #zodiac https://t.co/v4r5cyxwvw
2019-05-04 00:03:00,predictions for sunday‚Äôs episode? #gameofthrones https://t.co/jc7qnhp8ix
2019-05-04 00:02:46,a wild ian mcshane appeared. #gameofthrones
2019-05-04 00:02:23,is it just me that realized that 2 starks literally became the greatest heroes ever in less than 1 week? #gameofthrones #avengersendgame https://t.co/q5gssii2b8
2019-05-04 00:02:13,"don't get mad if we get up 3am to watch #gameofthrones before you do at 10pm. like, wtf?!"
2019-05-04 00:01:49,trying to whizz through all the seasons the last episodes come out for #gameofthrones
2019-05-04 00:01:48,is benjen dead? https://t.co/6xuywrldfv #gameofthrones
2019-05-04 00:01:46,"so, i havnt watch any #gameofthrones this season. i dont have @hbo , but i'm waiting till it over then maybe i'll get it. i'm barely holding out! https://t.co/gtei20jp6m"
2019-05-04 00:01:33,@mdandersonnews please help me and my son go to @comicpalooza in @houstontx please!!!! really want to meet @emiliaclarke and @missnemmanuel üòÅ#socloseyetsofar #got #gameofthrones #motherofdragons #khaleesi
2019-05-04 00:01:18,"@drake we are begging you, stay away from arya stark #gameofthrones"
2019-05-04 00:01:15,"watch the show as it filmed, but could also enjoy all kinds of outdoor activities, like hot springs & pools, nature hikes & spelunking. oh, & dragon rides. #wtf #feverdreams #gotland #betterthandisney #gameofthrones"
2019-05-04 00:00:39,#gameofthrones brandon and john walking around like they just just won the hip hop award https://t.co/ypqt8hub4w
2019-05-04 00:00:25,and she was so young too! brutal! https://t.co/hywyyhcxcl #sophieturner #gameofthrones #joejonas
2019-05-04 00:00:14,#gameofthrones fans worried after #drake mentions arya in acceptance speech at the #billboardmusicawards üëÄüèÜ https://t.co/ozdtmaprfq https://t.co/amwnvdpahu
2019-05-04 00:00:06,i will not become a page in someone elses history book. #gameofthrones
2019-05-04 00:00:03,"@emiliaofstark oh, yes - there'll be all the #metgala pics to look for on monday morning (as it will be for me), as well as the simulcast of #gameofthrones! üôå"
